Archive/Tasking;Public/Private;Multistrip;Responsiveness;Order Number;Complete Date;Order Description;Sqkm;Charge ($);Charge (s);Order Notes;Manual Calculation
ARCHIVE;Public;N;#NUM!;50266743010;45632;No Data;86.496;86.496;#N/A;N;
ARCHIVE;Public;N;Fresh;50275419010;45658;View-Ready (Standard) 2A;659.256;0;0;Streaming. Do not charge.;
ARCHIVE;Public;N;Fresh;50275564010;45659;View-Ready (Standard) OR2A;19.057;19.06;4.26904E-07;N;
ARCHIVE;Public;N;Fresh;50275565010;45659;View-Ready (Standard) 2A;357.766;0;0;Streaming. Do not charge.;
ARCHIVE;Public;N;Fresh;50275566010;45659;View-Ready (Standard) 2A;323.733;0;0;Streaming. Do not charge.;
ARCHIVE;Public;N;Fresh;50275567010;45659;View-Ready (Standard) OR2A;24.246;24.25;7.55045E-07;N;
ARCHIVE;Public;N;Fresh;50275568010;45659;View-Ready (Standard) 2A;459.811;0;0;Streaming. Do not charge.;
ARCHIVE;Public;N;Fresh;50275569010;45659;View-Ready (Standard) OR2A;1.964;1.96;4.39964E-08;N;
ARCHIVE;Public;N;Fresh;50275580010;45659;View-Ready (Standard) OR2A;37.194;37.19;9.29107E-07;N;
ARCHIVE;Public;N;Fresh;50275581010;45659;View-Ready (Standard) 2A;2126.752;0;0;Streaming. Do not charge.;
ARCHIVE;Public;N;Fresh;50275582010;45659;View-Ready (Standard) 2A;320.939;0;0;Streaming. Do not charge.;
ARCHIVE;Public;N;Fresh;50275583010;45659;View-Ready (Standard) OR2A;19.936;19.94;4.98002E-07;N;
ARCHIVE;Public;N;Fresh;50275584010;45659;View-Ready (Standard) OR2A;26.419;26.42;8.22714E-07;N;
ARCHIVE;Public;N;Fresh;50275585010;45659;View-Ready (Standard) 2A;1912.85;0;0;Streaming. Do not charge.;
ARCHIVE;Public;N;Fresh;50275586010;45659;View-Ready (Standard) OR2A;58.562;58.56;1.31187E-06;N;
ARCHIVE;Public;N;Fresh;50275587010;45659;View-Ready (Standard) 2A;211.9;0;0;Streaming. Do not charge.;
ARCHIVE;Public;N;Fresh;50275588010;45659;View-Ready (Standard) 2A;416.614;0;0;Streaming. Do not charge.;
ARCHIVE;Public;N;Fresh;50275589010;45659;View-Ready (Standard) OR2A;19.925;19.93;4.97727E-07;N;
ARCHIVE;Public;N;Fresh;50275592010;45659;View-Ready (Standard) OR2A;21.427;21.43;6.67258E-07;N;
ARCHIVE;Public;N;Fresh;50275593010;45659;View-Ready (Standard) 2A;1384.468;0;0;Streaming. Do not charge.;
ARCHIVE;Public;N;Fresh;50275595010;45659;View-Ready (Standard) OR2A;22.056;22.06;6.86846E-07;N;
ARCHIVE;Public;N;Fresh;50275596010;45659;View-Ready (Standard) 2A;1059.519;0;0;Streaming. Do not charge.;
ARCHIVE;Public;N;Fresh;50275597010;45659;View-Ready (Standard) OR2A;26.442;26.44;8.2343E-07;N;
ARCHIVE;Public;N;Fresh;50275598010;45659;View-Ready (Standard) 2A;294.298;0;0;Streaming. Do not charge.;
ARCHIVE;Public;N;Fresh;50275599010;45659;View-Ready (Standard) OR2A;22.722;22.72;7.07586E-07;N;
ARCHIVE;Public;N;Fresh;50275600010;45659;View-Ready (Standard) 2A;611.84;0;0;Streaming. Do not charge.;
ARCHIVE;Public;N;Standard;50275601010;45659;View-Ready (Standard) 2A;737.254;0;0;Streaming. Do not charge.;
ARCHIVE;Public;N;Standard;50275602010;45659;View-Ready (Standard) OR2A;1.75;1.75;5.44968E-08;N;
ARCHIVE;Public;N;Fresh;50275603010;45659;View-Ready (Standard) OR2A;1.19;1.19;#N/A;N;Manual
ARCHIVE;Public;N;Fresh;50275604010;45659;View-Ready (Standard) 2A;1044.802;0;#N/A;Streaming. Do not charge.;
ARCHIVE;Public;N;Fresh;50275606010;45659;View-Ready (Standard) 2A;863.223;0;0;Streaming. Do not charge.;
ARCHIVE;Public;N;Fresh;50275607010;45659;View-Ready (Standard) OR2A;1.654;1.65;4.13169E-08;N;
ARCHIVE;Public;N;Fresh;50275610010;45659;View-Ready (Standard) 2A;149.62;0;0;Streaming. Do not charge.;
ARCHIVE;Public;N;Fresh;50275611010;45659;View-Ready (Standard) OR2A;6.517;6.52;2.02946E-07;N;
ARCHIVE;Public;N;Fresh;50275612010;45659;View-Ready (Standard) 2A;220.358;0;0;Streaming. Do not charge.;
ARCHIVE;Public;N;Fresh;50275613010;45659;View-Ready (Standard) OR2A;22.388;22.39;5.01523E-07;N;
ARCHIVE;Public;N;Fresh;50275617010;45659;View-Ready (Standard) OR2A;29.182;29.18;7.28967E-07;N;
ARCHIVE;Public;N;Fresh;50275618010;45659;View-Ready (Standard) 2A;328.454;0;0;Streaming. Do not charge.;
ARCHIVE;Public;N;Fresh;50275621010;45659;View-Ready (Standard) OR2A;1.399;1.4;4.69337E-08;N;
ARCHIVE;Public;N;Fresh;50275622010;45659;View-Ready (Standard) 2A;291.388;0;0;Streaming. Do not charge.;
ARCHIVE;Public;N;Fresh;50275623010;45659;View-Ready (Standard) 2A;521.439;0;0;Streaming. Do not charge.;
ARCHIVE;Public;N;Fresh;50275624010;45659;View-Ready (Standard) OR2A;53.337;53.34;1.33236E-06;N;
ARCHIVE;Public;N;Fresh;50275627010;45659;View-Ready (Standard) 2A;267.152;0;0;Streaming. Do not charge.;
ARCHIVE;Public;N;Fresh;50275628010;45659;View-Ready (Standard) OR2A;19.782;19.78;4.94155E-07;N;
ARCHIVE;Public;N;Fresh;50275630010;45659;View-Ready (Standard) 2A;1565.151;0;0;Streaming. Do not charge.;
ARCHIVE;Public;N;Fresh;50275631010;45659;View-Ready (Standard) OR2A;9.87;9.87;2.46553E-07;N;
ARCHIVE;Public;N;Fresh;50275656010;45659;View-Ready (Standard) OR2A;25.834;25.83;6.45334E-07;N;
ARCHIVE;Public;N;Fresh;50275657010;45659;View-Ready (Standard) 2A;782.136;0;0;Streaming. Do not charge.;
ARCHIVE;Public;N;Fresh;50275658010;45659;View-Ready (Standard) 2A;151.554;0;0;Streaming. Do not charge.;
ARCHIVE;Public;N;Fresh;50275659010;45659;View-Ready (Standard) OR2A;13.639;13.64;3.05533E-07;N;
ARCHIVE;Public;N;Fresh;50275668010;45659;View-Ready (Standard) OR2A;14.627;14.63;3.27666E-07;N;
ARCHIVE;Public;N;Fresh;50275669010;45659;View-Ready (Standard) 2A;1195.382;0;0;Streaming. Do not charge.;
ARCHIVE;Public;N;Fresh;50275884010;45660;View-Ready (Standard) 2A;284.789;0;0;Streaming. Do not charge.;
ARCHIVE;Public;N;Fresh;50275885010;45660;View-Ready (Standard) OR2A;34.881;34.88;1.17019E-06;N;
TASKING;Private;N;SelectPlus;50275887010;45660;View-Ready (Standard) 2A;130.886;0;0;Streaming. Do not charge.;
ARCHIVE;Public;N;Fresh;50275888010;45660;View-Ready (Standard) OR2A;17.688;17.69;3.96237E-07;N;
ARCHIVE;Public;N;Fresh;50275889010;45660;View-Ready (Standard) 2A;238.223;0;0;Streaming. Do not charge.;
ARCHIVE;Public;N;Fresh;50275890010;45660;View-Ready (Standard) OR2A;17.688;17.69;3.96237E-07;N;
ARCHIVE;Public;N;Fresh;50275891010;45660;View-Ready (Standard) 2A;238.223;0;0;Streaming. Do not charge.;
ARCHIVE;Public;N;Fresh;50275892010;45660;View-Ready (Standard) OR2A;11.301;11.3;3.51925E-07;N;
ARCHIVE;Public;N;Fresh;50275893010;45660;View-Ready (Standard) OR2A;72.002;72;1.79861E-06;N;
ARCHIVE;Public;N;Fresh;50275894010;45660;View-Ready (Standard) 2A;96.704;0;0;Streaming. Do not charge.;
ARCHIVE;Public;N;Fresh;50275895010;45660;View-Ready (Standard) 2A;345.585;0;0;Streaming. Do not charge.;
ARCHIVE;Public;N;Fresh;50275896010;45660;View-Ready (Standard) OR2A;20.964;20.96;5.23681E-07;N;
ARCHIVE;Public;N;Fresh;50275897010;45660;View-Ready (Standard) 2A;291.243;0;0;Streaming. Do not charge.;
ARCHIVE;Public;N;Fresh;50275898010;45660;View-Ready (Standard) 2A;563.12;0;0;Streaming. Do not charge.;
ARCHIVE;Public;N;Fresh;50275899010;45660;View-Ready (Standard) OR2A;54.634;54.63;1.83286E-06;N;
ARCHIVE;Public;N;Fresh;50275900010;45660;View-Ready (Standard) OR2A;31.224;31.22;1.0475E-06;N;
ARCHIVE;Public;N;Fresh;50275901010;45660;View-Ready (Standard) 2A;403.815;0;0;Streaming. Do not charge.;
ARCHIVE;Public;N;Fresh;50275902010;45660;View-Ready (Standard) 2A;265.976;0;0;Streaming. Do not charge.;
ARCHIVE;Public;N;Fresh;50275903010;45660;View-Ready (Standard) OR2A;25.304;25.3;6.32094E-07;N;
ARCHIVE;Public;N;Fresh;50275904010;45660;View-Ready (Standard) 2A;275.834;0;0;Streaming. Do not charge.;
ARCHIVE;Public;N;Fresh;50275905010;45660;View-Ready (Standard) OR2A;7.957;7.96;2.47789E-07;N;
ARCHIVE;Public;N;Fresh;50275906010;45660;View-Ready (Standard) 2A;326.898;0;0;Streaming. Do not charge.;
ARCHIVE;Public;N;Fresh;50275907010;45660;View-Ready (Standard) OR2A;30.032;30.03;7.502E-07;N;
ARCHIVE;Public;N;Fresh;50275908010;45660;View-Ready (Standard) 2A;707.354;0;0;Streaming. Do not charge.;
ARCHIVE;Public;N;Fresh;50275909010;45660;View-Ready (Standard) OR2A;100.033;100.03;2.49883E-06;N;
ARCHIVE;Public;N;Standard;50275910010;45660;View-Ready (Standard) 2A;223.053;0;0;Streaming. Do not charge.;
ARCHIVE;Public;N;Standard;50275911010;45660;View-Ready (Standard) OR2A;38.854;38.85;8.70385E-07;N;
ARCHIVE;Public;N;Fresh;50275912010;45660;View-Ready (Standard) 2A;2535.445;0;0;Streaming. Do not charge.;
ARCHIVE;Public;N;Fresh;50275913010;45660;View-Ready (Standard) OR2A;112.378;112.38;2.8072E-06;N;
ARCHIVE;Public;N;Fresh;50275914010;45660;View-Ready (Standard) 2A;231.665;0;0;Streaming. Do not charge.;
ARCHIVE;Public;N;Fresh;50275915010;45660;View-Ready (Standard) OR2A;49.959;49.96;1.11915E-06;N;
ARCHIVE;Public;N;Fresh;50275920010;45660;View-Ready (Standard) OR2A;125.22;125.22;3.128E-06;N;
ARCHIVE;Public;N;Fresh;50275921010;45660;View-Ready (Standard) 2A;342.607;0;0;Streaming. Do not charge.;
ARCHIVE;Public;N;Fresh;50275924010;45660;View-Ready (Standard) OR2A;59.916;59.92;1.4967E-06;N;
ARCHIVE;Public;N;Fresh;50275925010;45660;View-Ready (Standard) 2A;334.332;0;0;Streaming. Do not charge.;
ARCHIVE;Public;N;Fresh;50275926010;45660;View-Ready (Standard) OR2A;10.846;10.85;3.37755E-07;N;
ARCHIVE;Public;N;Fresh;50275927010;45660;View-Ready (Standard) 2A;843.077;0;0;Streaming. Do not charge.;
ARCHIVE;Public;N;Fresh;50275928010;45660;View-Ready (Standard) OR2A;23.166;23.17;7.21413E-07;N;
ARCHIVE;Public;N;Fresh;50275929010;45660;View-Ready (Standard) OR2A;43.686;43.69;1.36043E-06;N;
ARCHIVE;Public;N;Fresh;50275930010;45660;View-Ready (Standard) 2A;186.922;0;0;Streaming. Do not charge.;
ARCHIVE;Public;N;Standard;50275931010;45660;View-Ready (Standard) OR2A;105.77;105.77;3.54838E-06;N;
ARCHIVE;Public;N;Fresh;50275932010;45660;View-Ready (Standard) OR2A;9.05;9.05;2.26069E-07;N;
ARCHIVE;Public;N;Fresh;50275935010;45660;View-Ready (Standard) OR2A;2.221;2.22;6.91642E-08;N;
ARCHIVE;Public;N;Fresh;50275936010;45660;View-Ready (Standard) 2A;198.758;0;0;Streaming. Do not charge.;
ARCHIVE;Public;N;Fresh;50275937010;45660;View-Ready (Standard) OR2A;1.239;1.24;3.09502E-08;N;
ARCHIVE;Public;N;Fresh;50275938010;45660;View-Ready (Standard) 2A;255.823;0;0;Streaming. Do not charge.;
ARCHIVE;Public;N;Fresh;50275939010;45660;View-Ready (Standard) OR2A;70.558;70.56;1.5806E-06;N;
ARCHIVE;Public;N;Fresh;50275940010;45660;View-Ready (Standard) 2A;198.295;0;0;Streaming. Do not charge.;
TASKING;Private;N;SelectPlus;50276207010;45661;View-Ready (Standard) 2A;31.279;0;0;Streaming. Do not charge.;
TASKING;Private;N;SelectPlus;50276210010;45661;View-Ready (Standard) 2A;28.325;0;0;Streaming. Do not charge.;
TASKING;Private;N;SelectPlus;50276211010;45661;View-Ready (Standard) 2A;26.34;0;0;Streaming. Do not charge.;
TASKING;Private;N;SelectPlus;50276214010;45661;View-Ready (Standard) 2A;25.997;0;0;Streaming. Do not charge.;
TASKING;Private;N;SelectPlus;50276215010;45661;View-Ready (Standard) 2A;153.67;0;0;Streaming. Do not charge.;
TASKING;Private;N;SelectPlus;50276218010;45661;View-Ready (Standard) 2A;25.11;0;0;Streaming. Do not charge.;
TASKING;Private;N;SelectPlus;50276219010;45661;View-Ready (Standard) OR2A;25.11;1034.53;3.47065E-05;N;
ARCHIVE;Public;N;Fresh;50276455010;45663;View-Ready (Standard) OR2A;1.239;1.24;3.09502E-08;N;
ARCHIVE;Public;N;Fresh;50276456010;45663;View-Ready (Standard) 2A;348.93;0;0;Streaming. Do not charge.;
ARCHIVE;Public;N;Fresh;50276457010;45663;View-Ready (Standard) OR2A;16.339;16.34;3.66017E-07;N;
ARCHIVE;Public;N;Fresh;50276458010;45663;View-Ready (Standard) 2A;1785.673;0;0;Streaming. Do not charge.;
ARCHIVE;Public;N;Fresh;50276459010;45663;View-Ready (Standard) 2A;497.375;0;0;Streaming. Do not charge.;
ARCHIVE;Public;N;Fresh;50276461010;45663;View-Ready (Standard) OR2A;30.431;30.43;6.81698E-07;N;
ARCHIVE;Public;N;Fresh;50276462010;45663;View-Ready (Standard) 2A;422.169;0;0;Streaming. Do not charge.;
ARCHIVE;Public;N;Fresh;50276463010;45663;View-Ready (Standard) 2A;332.12;0;0;Streaming. Do not charge.;
ARCHIVE;Public;N;Fresh;50276464010;45663;View-Ready (Standard) OR2A;96.331;96.33;2.40635E-06;N;
ARCHIVE;Public;N;Fresh;50276465010;45663;View-Ready (Standard) OR2A;16.822;16.82;4.20214E-07;N;
ARCHIVE;Public;N;Fresh;50276466010;45663;View-Ready (Standard) 2A;486.368;0;0;Streaming. Do not charge.;
ARCHIVE;Public;N;Fresh;50276468010;45663;View-Ready (Standard) OR2A;20.507;20.51;5.12265E-07;N;
ARCHIVE;Public;N;Fresh;50276469010;45663;View-Ready (Standard) 2A;780.241;0;0;Streaming. Do not charge.;
ARCHIVE;Public;N;Fresh;50276471010;45663;View-Ready (Standard) OR2A;28.915;28.915;#N/A;N;Manual
ARCHIVE;Public;N;Fresh;50276472010;45663;View-Ready (Standard) 2A;1044.802;0;#N/A;Streaming. Do not charge.;
ARCHIVE;Public;N;Fresh;50276473010;45663;View-Ready (Standard) 2A;309.333;0;0;Streaming. Do not charge.;
ARCHIVE;Public;N;Fresh;50276474010;45663;View-Ready (Standard) OR2A;55.74;55.74;1.39239E-06;N;
ARCHIVE;Public;N;Fresh;50276475010;45663;View-Ready (Standard) OR2A;115.842;115.84;2.59503E-06;N;
ARCHIVE;Public;N;Fresh;50276476010;45663;View-Ready (Standard) 2A;164.319;0;0;Streaming. Do not charge.;
ARCHIVE;Public;N;Standard;50276477010;45663;View-Ready (Standard) OR2A;22.202;22.2;6.91393E-07;N;
ARCHIVE;Public;N;Standard;50276478010;45663;View-Ready (Standard) 2A;161.908;0;0;Streaming. Do not charge.;
ARCHIVE;Public;N;Standard;50276480010;45663;View-Ready (Standard) 2A;1014.951;0;0;Streaming. Do not charge.;
ARCHIVE;Public;N;Standard;50276481010;45663;View-Ready (Standard) OR2A;42.487;42.49;1.06133E-06;N;
ARCHIVE;Public;N;Fresh;50276485010;45663;View-Ready (Standard) OR2A;36.634;36.63;9.15118E-07;N;
ARCHIVE;Public;N;Fresh;50276486010;45663;View-Ready (Standard) 2A;501.932;0;0;Streaming. Do not charge.;
ARCHIVE;Public;N;Fresh;50276487010;45663;View-Ready (Standard) OR2A;105.307;105.31;2.35903E-06;N;
ARCHIVE;Public;N;Fresh;50276488010;45663;View-Ready (Standard) 2A;1082.77;0;0;Streaming. Do not charge.;
ARCHIVE;Public;N;Fresh;50276489010;45663;View-Ready (Standard) OR2A;16.146;16.15;3.61694E-07;N;
ARCHIVE;Public;N;Fresh;50276490010;45663;View-Ready (Standard) 2A;223.441;0;0;Streaming. Do not charge.;
ARCHIVE;Public;N;Fresh;50276491010;45663;View-Ready (Standard) OR2A;25.733;25.73;6.42811E-07;N;
ARCHIVE;Public;N;Fresh;50276492010;45663;View-Ready (Standard) 2A;333.284;0;0;Streaming. Do not charge.;
ARCHIVE;Public;N;Fresh;50276493010;45663;View-Ready (Standard) OR2A;51.37;51.37;1.28322E-06;N;
ARCHIVE;Public;N;Fresh;50276494010;45663;View-Ready (Standard) 2A;336.1;0;0;Streaming. Do not charge.;
ARCHIVE;Public;N;Fresh;50276495010;45663;View-Ready (Standard) 2A;1376.962;0;0;Streaming. Do not charge.;
ARCHIVE;Public;N;Fresh;50276496010;45663;View-Ready (Standard) OR2A;30.408;30.41;7.59592E-07;N;
ARCHIVE;Public;N;Fresh;50276497010;45663;View-Ready (Standard) OR2A;15.001;15;3.74725E-07;N;
ARCHIVE;Public;N;Fresh;50276498010;45663;View-Ready (Standard) 2A;294.793;0;0;Streaming. Do not charge.;
ARCHIVE;Public;N;Fresh;50276499010;45663;View-Ready (Standard) 2A;2504.57;0;0;Streaming. Do not charge.;
ARCHIVE;Public;N;Fresh;50276500010;45663;View-Ready (Standard) OR2A;20.593;20.59;4.61313E-07;N;
ARCHIVE;Public;N;Fresh;50276501010;45663;View-Ready (Standard) OR2A;50.543;50.54;1.26256E-06;N;
ARCHIVE;Public;N;Fresh;50276502010;45663;View-Ready (Standard) 2A;611.583;0;0;Streaming. Do not charge.;
ARCHIVE;Public;N;Fresh;50276503010;45663;View-Ready (Standard) OR2A;1.723;1.72;5.3656E-08;N;
ARCHIVE;Public;N;Fresh;50276504010;45663;View-Ready (Standard) 2A;288.406;0;0;Streaming. Do not charge.;
ARCHIVE;Public;N;Fresh;50276506010;45663;View-Ready (Standard) OR2A;5.417;5.42;1.35317E-07;N;
ARCHIVE;Public;N;Fresh;50276507010;45663;View-Ready (Standard) 2A;294.115;0;0;Streaming. Do not charge.;
ARCHIVE;Public;N;Fresh;50276728010;45664;View-Ready (Standard) 2A;536.779;0;0;Streaming. Do not charge.;
ARCHIVE;Public;N;Fresh;50276729010;45664;View-Ready (Standard) OR2A;116.934;116.93;2.92101E-06;N;
ARCHIVE;Public;N;Fresh;50276730010;45664;View-Ready (Standard) OR2A;8.62;8.62;2.89184E-07;N;
ARCHIVE;Public;N;Fresh;50276731010;45664;View-Ready (Standard) 2A;275.035;0;0;Streaming. Do not charge.;
ARCHIVE;Public;N;Standard;50276732010;45664;View-Ready (Standard) OR2A;2.75;2.75;9.22571E-08;N;
ARCHIVE;Public;N;Standard;50276733010;45664;View-Ready (Standard) 2A;274.288;0;0;Streaming. Do not charge.;
ARCHIVE;Public;N;Fresh;50276735010;45664;View-Ready (Standard) OR2A;13.562;13.56;3.03808E-07;N;
ARCHIVE;Public;N;Fresh;50276736010;45664;View-Ready (Standard) 2A;174.605;0;0;Streaming. Do not charge.;
ARCHIVE;Public;N;Fresh;50276749010;45664;View-Ready (Standard) OR2A;18.369;18.37;4.11492E-07;N;
ARCHIVE;Public;N;Fresh;50276750010;45664;View-Ready (Standard) 2A;1723.027;0;0;Streaming. Do not charge.;
ARCHIVE;Public;N;Fresh;50276752010;45664;View-Ready (Standard) OR2A;16.53;16.53;3.70296E-07;N;
ARCHIVE;Public;N;Fresh;50276753010;45664;View-Ready (Standard) 2A;239.654;0;0;Streaming. Do not charge.;
ARCHIVE;Public;N;Fresh;50276754010;45664;View-Ready (Standard) OR2A;29.274;29.27;7.31265E-07;N;
ARCHIVE;Public;N;Fresh;50276755010;45664;View-Ready (Standard) 2A;340.919;0;0;Streaming. Do not charge.;
ARCHIVE;Public;N;Fresh;50276757010;45664;View-Ready (Standard) 2A;236.687;0;0;Streaming. Do not charge.;
ARCHIVE;Public;N;Fresh;50276758010;45664;View-Ready (Standard) OR2A;38.238;38.24;8.56586E-07;N;
ARCHIVE;Public;N;Standard;50276760010;45664;View-Ready (Standard) 2A;235.048;0;0;Streaming. Do not charge.;
ARCHIVE;Public;N;Standard;50276761010;45664;View-Ready (Standard) OR2A;36.43;36.43;8.16084E-07;N;
ARCHIVE;Public;N;Fresh;50276762010;45664;View-Ready (Standard) 2A;247.927;0;0;Streaming. Do not charge.;
ARCHIVE;Public;N;Fresh;50276763010;45664;View-Ready (Standard) OR2A;12.458;12.46;3.11201E-07;N;
ARCHIVE;Public;N;Fresh;50276765010;45664;View-Ready (Standard) OR2A;26.897;26.9;6.71887E-07;N;
ARCHIVE;Public;N;Fresh;50276766010;45664;View-Ready (Standard) 2A;264.19;0;0;Streaming. Do not charge.;
ARCHIVE;Public;N;Standard;50276767010;45664;View-Ready (Standard) 2A;277.582;0;0;Streaming. Do not charge.;
ARCHIVE;Public;N;Standard;50276768010;45664;View-Ready (Standard) OR2A;66.142;66.14;1.65223E-06;N;
ARCHIVE;Public;N;Standard;50276769010;45664;View-Ready (Standard) 2A;152.76;0;0;Streaming. Do not charge.;
ARCHIVE;Public;N;Standard;50276770010;45664;View-Ready (Standard) OR2A;33.755;33.76;1.05116E-06;N;
ARCHIVE;Public;N;Standard;50276771010;45664;View-Ready (Standard) 2A;251.974;0;0;Streaming. Do not charge.;
ARCHIVE;Public;N;Standard;50276772010;45664;View-Ready (Standard) OR2A;30.704;30.7;9.56153E-07;N;
ARCHIVE;Public;N;Fresh;50276773010;45664;View-Ready (Standard) 2A;1674.968;0;0;Streaming. Do not charge.;
ARCHIVE;Public;N;Fresh;50276774010;45664;View-Ready (Standard) OR2A;23.812;23.81;5.33423E-07;N;
TASKING;Private;N;SelectPlus;50276776010;45664;View-Ready (Standard) 2A;30.842;0;0;Streaming. Do not charge.;
TASKING;Private;N;SelectPlus;50276777010;45664;View-Ready (Standard) OR2A;30.842;1270.69;4.26292E-05;N;
TASKING;Private;N;SelectPlus;50276778010;45664;View-Ready (Standard) OR2A;27.426;1129.95;3.79076E-05;N;
TASKING;Private;N;SelectPlus;50276779010;45664;View-Ready (Standard) 2A;27.426;0;0;Streaming. Do not charge.;
TASKING;Private;N;SelectPlus;50276780010;45664;View-Ready (Standard) 2A;40.682;0;0;Streaming. Do not charge.;
ARCHIVE;Public;N;Fresh;50276782010;45664;View-Ready (Standard) OR2A;21.109;21.11;5.27303E-07;N;
ARCHIVE;Public;N;Fresh;50276783010;45664;View-Ready (Standard) 2A;355.021;0;0;Streaming. Do not charge.;
ARCHIVE;Public;N;Fresh;50276784010;45664;View-Ready (Standard) 2A;303.355;0;0;Streaming. Do not charge.;
ARCHIVE;Public;N;Fresh;50276785010;45664;View-Ready (Standard) OR2A;54.444;54.44;1.36001E-06;N;
ARCHIVE;Public;N;Fresh;50276786010;45664;View-Ready (Standard) OR2A;21.364;21.36;5.33673E-07;N;
ARCHIVE;Public;N;Fresh;50276787010;45664;View-Ready (Standard) 2A;699.37;0;0;Streaming. Do not charge.;
ARCHIVE;Public;N;Fresh;50276788010;45664;View-Ready (Standard) OR2A;3.221;3.22;1.08058E-07;N;
ARCHIVE;Public;N;Fresh;50276789010;45664;View-Ready (Standard) 2A;350.995;0;0;Streaming. Do not charge.;
ARCHIVE;Public;N;Fresh;50276790010;45664;View-Ready (Standard) OR2A;32.412;32.41;8.09652E-07;N;
ARCHIVE;Public;N;Fresh;50276791010;45664;View-Ready (Standard) OR2A;34.776;34.78;1.08296E-06;N;
ARCHIVE;Public;N;Fresh;50276792010;45664;View-Ready (Standard) 2A;154.048;0;0;Streaming. Do not charge.;
ARCHIVE;Public;N;Fresh;50276793010;45664;View-Ready (Standard) OR2A;76.041;76.04;1.89951E-06;N;
ARCHIVE;Public;N;Fresh;50276794010;45664;View-Ready (Standard) 2A;246.201;0;0;Streaming. Do not charge.;
ARCHIVE;Public;N;Fresh;50276796010;45664;View-Ready (Standard) OR2A;35.827;35.83;1.11569E-06;N;
ARCHIVE;Public;N;Fresh;50276797010;45664;View-Ready (Standard) 2A;555.476;0;0;Streaming. Do not charge.;
ARCHIVE;Public;N;Fresh;50276798010;45664;View-Ready (Standard) OR2A;49.984;49.98;1.11971E-06;N;
ARCHIVE;Public;N;Fresh;50276799010;45664;View-Ready (Standard) 2A;1045.363;0;0;Streaming. Do not charge.;
ARCHIVE;Public;N;Fresh;50276801010;45664;View-Ready (Standard) 2A;293.407;0;0;Streaming. Do not charge.;
ARCHIVE;Public;N;Fresh;50276802010;45664;View-Ready (Standard) OR2A;30.611;30.61;9.53257E-07;N;
ARCHIVE;Public;N;Fresh;50277351010;45665;View-Ready (Standard) 2A;120.963;0;0;Streaming. Do not charge.;
TASKING;Private;N;SelectPlus;50277354010;45665;View-Ready (Standard) 2A;40.919;0;0;Streaming. Do not charge.;
TASKING;Private;N;SelectPlus;50277356010;45665;View-Ready (Standard) OR2A;29.332;1278.88;2.86486E-05;N;
TASKING;Private;N;SelectPlus;50277357010;45665;View-Ready (Standard) 2A;29.332;0;0;Streaming. Do not charge.;
TASKING;Private;N;SelectPlus;50277358010;45665;View-Ready (Standard) 2A;25.18;0;0;Streaming. Do not charge.;
TASKING;Private;N;SelectPlus;50277359010;45665;View-Ready (Standard) OR2A;25.18;1037.42;2.59147E-05;N;
ARCHIVE;Public;N;Fresh;50277924010;45666;View-Ready (Standard) OR2A;28.442;28.44;7.10482E-07;N;
ARCHIVE;Public;N;Fresh;50277925010;45666;View-Ready (Standard) 2A;350.118;0;0;Streaming. Do not charge.;
ARCHIVE;Public;N;Fresh;50277927010;45666;View-Ready (Standard) 2A;889.338;0;0;Streaming. Do not charge.;
ARCHIVE;Public;N;Fresh;50277928010;45666;View-Ready (Standard) OR2A;23.915;23.92;5.97397E-07;N;
ARCHIVE;Public;N;Fresh;50277929010;45666;View-Ready (Standard) OR2A;130.581;130.58;4.06642E-06;N;
ARCHIVE;Public;N;Fresh;50277930010;45666;View-Ready (Standard) 2A;402.873;0;0;Streaming. Do not charge.;
ARCHIVE;Public;N;Fresh;50277936010;45666;View-Ready (Standard) OR2A;59.836;59.84;2.00738E-06;N;
ARCHIVE;Public;N;Fresh;50277937010;45666;View-Ready (Standard) 2A;1326.464;0;0;Streaming. Do not charge.;
ARCHIVE;Public;N;Fresh;50277945010;45666;View-Ready (Standard) 2A;1273.141;0;0;Streaming. Do not charge.;
ARCHIVE;Public;N;Fresh;50277946010;45666;View-Ready (Standard) OR2A;82.096;82.1;1.83907E-06;N;
ARCHIVE;Public;N;Fresh;50277953010;45666;View-Ready (Standard) OR2A;53.551;53.55;1.3377E-06;N;
ARCHIVE;Public;N;Fresh;50277954010;45666;View-Ready (Standard) 2A;287.119;0;0;Streaming. Do not charge.;
ARCHIVE;Public;N;Fresh;50277955010;45666;View-Ready (Standard) OR2A;51.735;51.74;1.29234E-06;N;
ARCHIVE;Public;N;Fresh;50277956010;45666;View-Ready (Standard) 2A;2266.401;0;0;Streaming. Do not charge.;
ARCHIVE;Public;N;Fresh;50277959010;45666;View-Ready (Standard) OR2A;33.387;33.39;7.47917E-07;N;
ARCHIVE;Public;N;Fresh;50277960010;45666;View-Ready (Standard) 2A;176.437;0;0;Streaming. Do not charge.;
ARCHIVE;Public;N;Fresh;50277963010;45666;View-Ready (Standard) OR2A;66.404;66.4;1.65877E-06;N;
ARCHIVE;Public;N;Fresh;50277964010;45666;View-Ready (Standard) 2A;295.791;0;0;Streaming. Do not charge.;
TASKING;Private;N;SelectPlus;50277978010;45666;View-Ready (Standard) 2A;28.92;0;0;Streaming. Do not charge.;
TASKING;Private;N;SelectPlus;50277979010;45666;View-Ready (Standard) 2A;26.118;0;0;Streaming. Do not charge.;
ARCHIVE;Public;N;Standard;50278005010;45666;View-Ready (Standard) OR2A;40.496;40.5;9.07168E-07;N;
ARCHIVE;Public;N;Standard;50278006010;45666;View-Ready (Standard) 2A;238.706;0;0;Streaming. Do not charge.;
ARCHIVE;Public;N;Fresh;50278007010;45666;View-Ready (Standard) OR2A;20.798;20.8;4.65905E-07;N;
ARCHIVE;Public;N;Fresh;50278008010;45666;View-Ready (Standard) 2A;228.018;0;0;Streaming. Do not charge.;
ARCHIVE;Public;N;Fresh;50278010010;45666;View-Ready (Standard) OR2A;18.979;18.98;6.36708E-07;N;
ARCHIVE;Public;N;Fresh;50278011010;45666;View-Ready (Standard) 2A;368.216;0;0;Streaming. Do not charge.;
ARCHIVE;Public;N;Fresh;50278013010;45666;View-Ready (Standard) OR2A;67.436;67.44;2.10002E-06;N;
ARCHIVE;Public;N;Fresh;50278014010;45666;View-Ready (Standard) 2A;756.695;0;0;Streaming. Do not charge.;
ARCHIVE;Public;N;Fresh;50278017010;45666;View-Ready (Standard) OR2A;80.282;80.28;1.79843E-06;N;
ARCHIVE;Public;N;Fresh;50278018010;45666;View-Ready (Standard) 2A;183.45;0;0;Streaming. Do not charge.;
ARCHIVE;Public;N;Fresh;50278020010;45666;View-Ready (Standard) 2A;249.48;0;0;Streaming. Do not charge.;
ARCHIVE;Public;N;Fresh;50278021010;45666;View-Ready (Standard) OR2A;61.874;61.87;1.54561E-06;N;
ARCHIVE;Public;N;Fresh;50278207010;45666;50277350010_reorder;25.004;25;8.38835E-07;N;
ARCHIVE;Public;N;Fresh;50278207020;45666;50275886010_reorder;130.945;130.95;3.27101E-06;N;
ARCHIVE;Public;N;Fresh;50278207030;45666;50277353010_reorder;40.928;40.93;1.02238E-06;N;
ARCHIVE;Public;N;Fresh;50278207040;45666;50276209010_reorder;28.312;28.31;7.07234E-07;N;
ARCHIVE;Public;N;Fresh;50278207050;45666;50276208010_reorder;31.234;31.23;1.04784E-06;N;
ARCHIVE;Public;N;Fresh;50278207060;45666;50276216010_reorder;153.6;153.6;5.15298E-06;N;
ARCHIVE;Public;N;Fresh;50278207070;45666;50276460010_reorder;25.748;25.75;8.63795E-07;N;
ARCHIVE;Public;N;Fresh;50278207080;45666;50276212010_reorder;26.342;26.34;6.58024E-07;N;
ARCHIVE;Public;N;Fresh;50278207090;45666;50276781010_reorder;40.66;40.66;1.36406E-06;N;
TASKING;Private;N;SelectPlus;50278287010;45667;View-Ready (Standard) 2A;40.692;0;0;Streaming. Do not charge.;
ARCHIVE;Public;N;Fresh;50278298010;45667;View-Ready (Standard) OR2A;26.913;26.91;6.0289E-07;N;
ARCHIVE;Public;N;Fresh;50278299010;45667;View-Ready (Standard) 2A;180.321;0;0;Streaming. Do not charge.;
ARCHIVE;Public;N;Standard;50278354010;45667;View-Ready (Standard) OR2A;24.89;24.89;6.21753E-07;N;
ARCHIVE;Public;N;Standard;50278355010;45667;View-Ready (Standard) 2A;326.092;0;0;Streaming. Do not charge.;
ARCHIVE;Public;N;Fresh;50278396010;45667;View-Ready (Standard) OR2A;17.306;17.31;3.87679E-07;N;
ARCHIVE;Public;N;Fresh;50278397010;45667;View-Ready (Standard) 2A;177.826;0;0;Streaming. Do not charge.;
ARCHIVE;Public;N;Fresh;50278398010;45667;View-Ready (Standard) 2A;192.759;0;0;Streaming. Do not charge.;
ARCHIVE;Public;N;Fresh;50278399010;45667;View-Ready (Standard) OR2A;30.09;30.09;6.74059E-07;N;
ARCHIVE;Public;N;Standard;50278400010;45667;View-Ready (Standard) OR2A;17.961;17.96;6.02556E-07;N;
ARCHIVE;Public;N;Standard;50278401010;45667;View-Ready (Standard) 2A;184.253;0;0;Streaming. Do not charge.;
ARCHIVE;Public;N;Fresh;50278402010;45667;View-Ready (Standard) 2A;229.156;0;0;Streaming. Do not charge.;
ARCHIVE;Public;N;Fresh;50278403010;45667;View-Ready (Standard) OR2A;22.812;22.81;7.10389E-07;N;
ARCHIVE;Public;N;Fresh;50278404010;45667;View-Ready (Standard) OR2A;46.242;46.24;1.15513E-06;N;
ARCHIVE;Public;N;Fresh;50278405010;45667;View-Ready (Standard) 2A;323.049;0;0;Streaming. Do not charge.;
ARCHIVE;Public;N;Fresh;50278409010;45667;View-Ready (Standard) 2A;2517.401;0;0;Streaming. Do not charge.;
ARCHIVE;Public;N;Fresh;50278410010;45667;View-Ready (Standard) OR2A;52.336;52.34;1.1724E-06;N;
ARCHIVE;Public;N;Fresh;50278417010;45667;View-Ready (Standard) OR2A;15.897;15.9;3.56116E-07;N;
ARCHIVE;Public;N;Fresh;50278418010;45667;View-Ready (Standard) 2A;149.922;0;0;Streaming. Do not charge.;
ARCHIVE;Public;N;Fresh;50278419010;45667;View-Ready (Standard) OR2A;127.699;127.7;2.86064E-06;N;
ARCHIVE;Public;N;Fresh;50278420010;45667;View-Ready (Standard) 2A;1210.944;0;0;Streaming. Do not charge.;
ARCHIVE;Public;N;Fresh;50278421010;45667;View-Ready (Standard) OR2A;42.341;42.34;1.31854E-06;N;
ARCHIVE;Public;N;Fresh;50278422010;45667;View-Ready (Standard) 2A;172.564;0;0;Streaming. Do not charge.;
TASKING;Private;N;SelectPlus;50278735010;45668;View-Ready (Standard) 2A;25.714;0;0;Streaming. Do not charge.;
TASKING;Private;N;SelectPlus;50278737010;45668;View-Ready (Standard) OR2A;25.731;1121.87;2.51315E-05;N;
TASKING;Private;N;SelectPlus;50278738010;45668;View-Ready (Standard) 2A;25.731;0;0;Streaming. Do not charge.;
TASKING;Private;N;SelectPlus;50278878010;45669;View-Ready (Standard) OR2A;25.453;1048.66;3.51806E-05;N;
TASKING;Private;N;SelectPlus;50278879010;45669;View-Ready (Standard) 2A;25.453;0;0;Streaming. Do not charge.;
ARCHIVE;Public;N;Standard;50278943010;45670;View-Ready (Standard) OR2A;6.977;6.98;2.34065E-07;N;
ARCHIVE;Public;N;Standard;50278944010;45670;View-Ready (Standard) 2A;1252.923;0;0;Streaming. Do not charge.;
TASKING;Private;N;SelectPlus;50278956010;45670;View-Ready (Standard) 2A;29.599;0;0;Streaming. Do not charge.;
TASKING;Private;N;SelectPlus;50278957010;45670;View-Ready (Standard) OR2A;29.599;1219.48;4.09111E-05;N;
ARCHIVE;Public;N;Fresh;50278970010;45670;View-Ready (Standard) OR2A;35.73;35.73;8.00403E-07;N;
ARCHIVE;Public;N;Fresh;50278971010;45670;View-Ready (Standard) 2A;171.367;0;0;Streaming. Do not charge.;
ARCHIVE;Public;N;Fresh;50278990010;45670;View-Ready (Standard) OR2A;29.244;29.24;6.55108E-07;N;
ARCHIVE;Public;N;Fresh;50278991010;45670;View-Ready (Standard) 2A;151.316;0;0;Streaming. Do not charge.;
ARCHIVE;Public;N;Fresh;50278992010;45670;View-Ready (Standard) OR2A;29.244;29.24;6.55108E-07;N;
ARCHIVE;Public;N;Fresh;50278993010;45670;View-Ready (Standard) 2A;151.316;0;0;Streaming. Do not charge.;
TASKING;Private;N;SelectPlus;50279326010;45671;View-Ready (Standard) 2A;30.761;0;0;Streaming. Do not charge.;
TASKING;Private;N;SelectPlus;50279327010;45671;View-Ready (Standard) OR2A;30.761;1267.35;4.25172E-05;N;
ARCHIVE;Public;N;Standard;50279435010;45671;View-Ready (Standard) OR2A;125.928;125.93;3.14568E-06;N;
ARCHIVE;Public;N;Standard;50279436010;45671;View-Ready (Standard) 2A;966.341;0;0;Streaming. Do not charge.;
TASKING;Private;N;SelectPlus;50281514010;45672;View-Ready (Standard) 2A;42.497;0;0;Streaming. Do not charge.;
TASKING;Private;N;SelectPlus;50281515010;45672;View-Ready (Standard) OR2A;42.497;1750.88;4.37369E-05;N;
TASKING;Private;N;SelectPlus;50283282010;45675;View-Ready (Standard) OR2A;27.576;1136.13;3.8115E-05;N;
TASKING;Private;N;SelectPlus;50283285010;45675;View-Ready (Standard) 2A;27.576;0;0;Streaming. Do not charge.;
TASKING;Private;N;SelectPlus;50283378010;45676;View-Ready (Standard) OR2A;117.49;4840.59;0.000162392;N;
TASKING;Private;N;SelectPlus;50283379010;45676;View-Ready (Standard) 2A;117.49;0;0;Streaming. Do not charge.;
TASKING;Private;N;SelectPlus;50283476010;45677;View-Ready (Standard) OR2A;40.149;1654.14;5.54931E-05;N;
TASKING;Private;N;SelectPlus;50283477010;45677;View-Ready (Standard) 2A;40.149;0;0;Streaming. Do not charge.;
ARCHIVE;Public;Yes. Manual calculation required.;Standard;50284540010;45679;View-Ready (Standard) OR2A;167.906;167.906;#N/A;N;Manual
ARCHIVE;Public;Yes. Manual calculation required.;Standard;50284541010;45679;View-Ready (Standard) 2A;353.54;0;#N/A;Streaming. Do not charge.;
ARCHIVE;Public;N;Standard;50284544010;45679;View-Ready (Standard) 2A;218.842;0;0;Streaming. Do not charge.;
ARCHIVE;Public;N;Standard;50284545010;45679;View-Ready (Standard) OR2A;49.793;49.79;1.11543E-06;N;
ARCHIVE;Public;N;Fresh;50284683010;45679;View-Ready (Standard) OR2A;171.902;171.9;4.29411E-06;N;
ARCHIVE;Public;N;Fresh;50284684010;45679;View-Ready (Standard) 2A;765.418;0;0;Streaming. Do not charge.;
ARCHIVE;Public;N;Fresh;50284685010;45679;View-Ready (Standard) OR2A;290.144;290.14;7.2478E-06;N;
ARCHIVE;Public;N;Fresh;50284686010;45679;View-Ready (Standard) 2A;778.81;0;0;Streaming. Do not charge.;
ARCHIVE;Public;N;Fresh;50284687010;45679;View-Ready (Standard) 2A;799.841;0;0;Streaming. Do not charge.;
ARCHIVE;Public;N;Fresh;50284688010;45679;View-Ready (Standard) OR2A;90.549;90.55;2.26192E-06;N;
ARCHIVE;Public;N;Standard;50285540010;45680;View-Ready (Standard) OR2A;82.489;82.49;1.84787E-06;N;
ARCHIVE;Public;N;Standard;50285541010;45680;View-Ready (Standard) 2A;183.244;0;0;Streaming. Do not charge.;
ARCHIVE;Public;N;Standard;50285633010;45681;View-Ready (Standard) 2A;403.888;0;0;Streaming. Do not charge.;
ARCHIVE;Public;N;Standard;50285634010;45681;View-Ready (Standard) OR2A;122.368;122.37;3.05675E-06;N;
ARCHIVE;Public;N;Standard;50285645010;45681;View-Ready (Standard) 2A;414.166;0;0;Streaming. Do not charge.;
ARCHIVE;Public;N;Standard;50285646010;45681;View-Ready (Standard) OR2A;39.982;39.98;9.98751E-07;N;
ARCHIVE;Public;N;Fresh;50287906010;45687;View-Ready (Standard) OR2A;80.115;80.12;1.79469E-06;N;
ARCHIVE;Public;N;Fresh;50287907010;45687;View-Ready (Standard) 2A;1736.072;0;0;Streaming. Do not charge.;
ARCHIVE;Public;N;Fresh;50287908010;45687;View-Ready (Standard) OR2A;41.64;41.64;1.04017E-06;N;
ARCHIVE;Public;N;Fresh;50287909010;45687;View-Ready (Standard) 2A;2548.878;0;0;Streaming. Do not charge.;
ARCHIVE;Public;N;Fresh;50287913010;45687;View-Ready (Standard) 2A;454.166;0;0;Streaming. Do not charge.;
ARCHIVE;Public;N;Fresh;50287914010;45687;View-Ready (Standard) OR2A;117.39;117.39;3.9382E-06;N;
ARCHIVE;Public;N;Standard;50287915010;45687;View-Ready (Standard) OR2A;101.94;101.94;3.17451E-06;N;
ARCHIVE;Public;N;Standard;50287916010;45687;View-Ready (Standard) 2A;756.695;0;0;Streaming. Do not charge.;
ARCHIVE;Public;N;Standard;50287950010;45687;View-Ready (Standard) OR2A;96.024;96.02;2.39868E-06;N;
ARCHIVE;Public;N;Standard;50287951010;45687;View-Ready (Standard) 2A;2471.595;0;0;Streaming. Do not charge.;
ARCHIVE;Public;N;Standard;50287953010;45687;View-Ready (Standard) 2A;2211.584;0;0;Streaming. Do not charge.;
ARCHIVE;Public;N;Standard;50287954010;45687;View-Ready (Standard) OR2A;123.002;123;3.07259E-06;N;
ARCHIVE;Public;N;Standard;50287955010;45687;View-Ready (Standard) 2A;335.185;0;0;Streaming. Do not charge.;
ARCHIVE;Public;N;Fresh;50288310010;45688;View-Ready (Standard) OR2A;165.53;165.53;4.13494E-06;N;
ARCHIVE;Public;N;Fresh;50288311010;45688;View-Ready (Standard) 2A;615.609;0;0;Streaming. Do not charge.;
ARCHIVE;Public;N;Fresh;5.02782E+11;45666;50275418010_reorder;29.698;29.7;9.9631E-07;N;
ARCHIVE;Public;N;Fresh;5.02782E+11;45666;50276213010_reorder;26.018;26.02;8.72853E-07;N;
